{
  "n_fibers": 2456,
  "image_dimensions": {
    "width": 8984,
    "height": 10110
  },
  "area_statistics": {
    "mean": 8060.122964169381,
    "median": 5944.0,
    "std": 8929.421953941983,
    "min": 1001.0,
    "max": 133738.0,
    "q25": 3389.75,
    "q75": 9577.875
  },
  "mask_coverage_percent": 79.50122230707102
}